period,business_date,kind,file,sha256,bytes,created
001,2026-08-09,forecast,2026-08-09/forecast/bundle_forecast_20260809.txt,e4a8295f51431c0ba92e83301a293451c32d651995d0ad8d9ce94cff053e8f95,22357,2026-08-09 21:15:34
001,2026-08-09,forecast,2026-08-09/forecast/card_forecast_20260809_1.png,478ca19c120218cf5f2a7c04d0c6616cc7d43d25b2af5b29da61fab5816fcef0,203289,2026-08-09 21:15:34
001,2026-08-09,forecast,2026-08-09/forecast/card_forecast_20260809_2.png,bdc6e5d2f8a981af49b654a7b630642f4818997ab02cfc7d36f99b195a57abea,198010,2026-08-09 21:15:34
001,2026-08-09,forecast,2026-08-09/forecast/card_forecast_20260809_3.png,00ef0d331a19e75d14f5eb209ca5d302ad537a6ee784bf7c31586f164336b775,156170,2026-08-09 21:15:34
001,2026-08-09,forecast,2026-08-09/forecast/card_forecast_20260809_4.png,619900608f0b317b213cb4de8c8764f76a7663d6c26e9fd5badcb9b27b453b83,184612,2026-08-09 21:15:34
001,2026-08-09,forecast,2026-08-09/forecast/forecast_20260809.txt,4951d41afb0efc705e3e63a559ea6fe81c701c631a30ce002770a884aae8d732,3021,2026-08-09 13:46:33
001,2026-08-09,settle,2026-08-09/settle/bundle_settle_20260809.txt,8cf14cd8487f0d9458d6eaca4c7b5b1300ccaacb66eb1681eea4428a4cff8bae,14660,2026-08-10 12:00:44
001,2026-08-09,settle,2026-08-09/settle/card_settle_20260809_1.png,3ab75e27130681549989539835441fba83c2ff09f2819d5151ac2ba2e817c738,167484,2026-08-10 12:00:44
001,2026-08-09,settle,2026-08-09/settle/card_settle_20260809_2.png,121c309f3d4d10c620f3904040134764746ca6fe50dc62215b75be161e9df605,208890,2026-08-10 12:00:44
001,2026-08-09,settle,2026-08-09/settle/settle_20260810.txt,01f22162be1cfb27cf7219eada415c026103c73548197e4a369b626603d5b7e9,1726,2026-08-10 12:00:43
